loan_id,customer_id,loan_type,loan_status,loan_amount,loan_balance,interest_rate,start_date
LOAN0000001,CUST002480,Student,Active,500000.0,245065.5,9.6,2023-11-16
LOAN0000002,CUST004050,Student,Active,10000.0,9049.05,12.06,2023-09-15
LOAN0000003,CUST002468,Mortgage,Active,5000.0,2752.98,12.0,2022-01-16
LOAN0000004,CUST001958,Business,Active,10000.0,6582.07,7.56,2025-09-24
LOAN0000005,CUST002664,Auto,Active,150000.0,97399.49,10.23,2021-02-05
LOAN0000006,CUST001817,Business,Active,500000.0,128029.15,7.51,2025-06-20
LOAN0000007,CUST003325,Mortgage,Active,150000.0,69335.63,4.01,2023-09-27
LOAN0000008,CUST000740,Personal,Closed,25000.0,17888.78,8.4,2021-07-04
LOAN0000009,CUST002449,Business,Active,300000.0,278277.62,8.2,2021-08-22
LOAN0000010,CUST003644,Auto,Active,15000.0,4266.21,9.69,2021-12-07
LOAN0000011,CUST000793,Auto,Active,50000.0,23917.68,7.82,2025-03-09
LOAN0000012,CUST001019,Auto,Active,500000.0,113037.52,10.62,2023-07-04
LOAN0000013,CUST000814,Business,Active,25000.0,8597.53,6.29,2022-06-12
LOAN0000014,CUST000274,Mortgage,Active,500000.0,225703.74,10.68,2023-12-13
LOAN0000015,CUST000275,Business,Active,5000.0,2912.57,8.25,2021-03-12
LOAN0000016,CUST002537,Business,Active,50000.0,16722.68,10.33,2021-09-09
LOAN0000017,CUST003277,Personal,Active,10000.0,3320.5,4.27,2022-02-21
LOAN0000018,CUST000869,Student,Closed,25000.0,19306.6,6.09,2022-10-14
LOAN0000019,CUST001652,Auto,Active,50000.0,46005.67,3.16,2023-07-14
LOAN0000020,CUST002128,Mortgage,Active,300000.0,122667.11,5.11,2021-08-26
LOAN0000021,CUST003890,Student,Active,300000.0,210118.08,7.64,2021-10-09
LOAN0000022,CUST001157,Mortgage,Active,25000.0,8911.61,8.98,2024-06-21
LOAN0000023,CUST004695,Business,Closed,300000.0,267708.54,7.4,2025-07-01
LOAN0000024,CUST001342,Business,Closed,10000.0,6883.22,8.75,2022-02-25
LOAN0000025,CUST002631,Business,Active,150000.0,118821.22,4.43,2021-11-06
LOAN0000026,CUST000827,Business,Active,25000.0,4737.08,7.04,2024-03-23
LOAN0000027,CUST001660,Auto,Active,5000.0,3144.02,8.47,2022-06-01
LOAN0000028,CUST000418,Business,Active,50000.0,28604.49,8.58,2024-11-02
LOAN0000029,CUST001835,Mortgage,Active,50000.0,19219.88,10.38,2026-03-09
LOAN0000030,CUST002062,Personal,Active,50000.0,17997.2,8.44,2020-07-19
LOAN0000031,CUST003804,Business,Active,25000.0,15350.5,9.79,2021-06-29
LOAN0000032,CUST001414,Business,Closed,10000.0,7151.89,8.96,2022-09-26
LOAN0000033,CUST004614,Business,Delinquent,25000.0,4413.46,4.73,2025-10-22
LOAN0000034,CUST001059,Auto,Active,25000.0,15098.03,10.38,2021-07-07
LOAN0000035,CUST000296,Student,Active,300000.0,85910.29,3.95,2023-07-10
LOAN0000036,CUST004927,Student,Active,150000.0,39343.53,10.72,2022-06-06
LOAN0000037,CUST004388,Auto,Active,50000.0,32424.78,10.51,2020-10-08
LOAN0000038,CUST002575,Mortgage,Active,10000.0,3986.96,3.0,2023-06-17
LOAN0000039,CUST001261,Mortgage,Active,15000.0,7540.56,8.14,2021-04-14
LOAN0000040,CUST003807,Business,Active,500000.0,218999.52,10.93,2025-02-28
LOAN0000041,CUST001107,Auto,Active,10000.0,6686.69,4.44,2023-03-15
LOAN0000042,CUST001114,Mortgage,Active,300000.0,157828.74,10.7,2025-04-24
LOAN0000043,CUST000687,Mortgage,Active,25000.0,23019.17,4.84,2026-04-16
LOAN0000044,CUST000364,Mortgage,Active,5000.0,2159.53,7.36,2023-09-28
LOAN0000045,CUST002580,Auto,Active,10000.0,7422.27,10.22,2024-10-18
LOAN0000046,CUST001712,Student,Active,50000.0,17791.7,7.51,2022-07-08
LOAN0000047,CUST002422,Business,Active,5000.0,2785.01,11.97,2022-04-10
LOAN0000048,CUST001165,Business,Active,15000.0,8880.84,9.35,2024-03-26
LOAN0000049,CUST001510,Personal,Closed,15000.0,6199.31,9.42,2023-07-24
LOAN0000050,CUST002850,Personal,Active,500000.0,263712.21,2.66,2025-12-04
LOAN0000051,CUST002465,Business,Active,5000.0,1867.11,4.34,2021-04-08
LOAN0000052,CUST000751,Student,Active,300000.0,46440.19,9.64,2025-12-20
LOAN0000053,CUST004883,Personal,Active,15000.0,4837.78,6.17,2022-01-22
LOAN0000054,CUST002887,Personal,Active,5000.0,3550.26,4.21,2023-07-09
LOAN0000055,CUST003856,Business,Active,25000.0,19169.26,7.01,2023-11-30
LOAN0000056,CUST004758,Student,Closed,5000.0,1870.81,3.59,2025-10-02
LOAN0000057,CUST003608,Business,Active,25000.0,11910.86,10.22,2025-12-30
LOAN0000058,CUST003408,Auto,Closed,500000.0,89946.26,8.5,2021-06-03
LOAN0000059,CUST003465,Personal,Active,300000.0,101895.1,5.99,2021-12-07
LOAN0000060,CUST000586,Auto,Active,50000.0,38668.77,4.66,2023-08-26
LOAN0000061,CUST003619,Business,Active,50000.0,31739.45,5.07,2021-12-14
LOAN0000062,CUST001228,Student,Active,15000.0,4719.25,10.11,2025-01-04
LOAN0000063,CUST001721,Auto,Delinquent,150000.0,53393.04,4.1,2025-11-15
LOAN0000064,CUST002066,Personal,Active,150000.0,120516.24,3.22,2022-11-11
LOAN0000065,CUST004177,Student,Active,5000.0,1586.34,3.23,2021-01-10
LOAN0000066,CUST001588,Student,Delinquent,300000.0,125197.85,6.76,2024-02-29
LOAN0000067,CUST001496,Business,Active,500000.0,340743.48,11.76,2020-11-19
LOAN0000068,CUST000945,Personal,Active,25000.0,14972.25,4.36,2025-09-24
LOAN0000069,CUST003320,Personal,Active,50000.0,25934.81,7.2,2024-10-27
LOAN0000070,CUST003427,Business,Active,300000.0,260937.86,5.13,2023-12-11
LOAN0000071,CUST001645,Auto,Active,50000.0,16288.42,3.04,2022-05-13
LOAN0000072,CUST003310,Student,Active,50000.0,37156.8,12.37,2020-12-10
LOAN0000073,CUST000972,Mortgage,Active,15000.0,4158.77,9.35,2023-02-02
LOAN0000074,CUST001682,Business,Closed,50000.0,32129.35,7.5,2025-05-20
LOAN0000075,CUST002289,Student,Active,500000.0,423249.43,9.48,2023-09-12
LOAN0000076,CUST003471,Student,Delinquent,150000.0,77448.21,2.97,2022-05-15
LOAN0000077,CUST001822,Personal,Active,500000.0,364717.8,6.78,2023-09-09
LOAN0000078,CUST001454,Personal,Closed,10000.0,8063.15,11.15,2023-02-13
LOAN0000079,CUST000722,Student,Active,15000.0,3882.32,5.23,2025-06-08
LOAN0000080,CUST004267,Mortgage,Closed,5000.0,3573.31,7.58,2025-11-29
LOAN0000081,CUST003245,Business,Active,10000.0,8858.73,9.89,2023-05-19
LOAN0000082,CUST004337,Student,Active,15000.0,9166.45,10.34,2026-03-06
LOAN0000083,CUST002425,Business,Active,300000.0,89669.34,7.99,2024-02-01
LOAN0000084,CUST000549,Mortgage,Active,15000.0,3773.31,10.42,2025-10-03
LOAN0000085,CUST003722,Business,Active,500000.0,178894.13,11.35,2021-10-23
LOAN0000086,CUST004722,Student,Active,25000.0,5820.27,7.87,2022-02-25
LOAN0000087,CUST002785,Personal,Active,10000.0,5607.15,10.62,2021-11-05
LOAN0000088,CUST003194,Business,Active,10000.0,2057.64,8.64,2020-10-21
LOAN0000089,CUST000506,Student,Active,500000.0,164361.85,10.12,2026-03-11
LOAN0000090,CUST003563,Auto,Active,150000.0,75289.25,11.89,2022-12-26
LOAN0000091,CUST003949,Auto,Active,10000.0,5291.32,5.4,2023-07-05
LOAN0000092,CUST003888,Mortgage,Active,50000.0,30115.94,6.79,2023-07-26
LOAN0000093,CUST000984,Business,Active,150000.0,107173.8,9.45,2025-12-08
LOAN0000094,CUST001926,Auto,Active,300000.0,56334.87,9.2,2023-08-22
LOAN0000095,CUST001826,Student,Active,50000.0,10724.84,3.25,2020-09-25
LOAN0000096,CUST001629,Auto,Active,150000.0,29803.1,9.84,2024-07-27
LOAN0000097,CUST003108,Mortgage,Active,5000.0,2442.6,6.62,2024-07-23
LOAN0000098,CUST002479,Business,Active,300000.0,55043.51,3.77,2025-06-18
LOAN0000099,CUST003291,Mortgage,Active,150000.0,112029.75,3.45,2024-07-20
LOAN0000100,CUST001136,Student,Active,5000.0,1642.0,2.96,2023-04-21
LOAN0000101,CUST001764,Student,Active,150000.0,135205.5,8.79,2026-03-26
LOAN0000102,CUST002412,Student,Closed,5000.0,2695.62,11.82,2021-01-07
LOAN0000103,CUST003452,Auto,Active,50000.0,25353.03,8.16,2022-02-12
LOAN0000104,CUST003981,Personal,Active,300000.0,232329.29,4.14,2022-07-22
LOAN0000105,CUST001122,Student,Active,300000.0,216156.96,2.71,2023-12-15
LOAN0000106,CUST000432,Personal,Active,150000.0,95377.08,11.44,2023-04-30
LOAN0000107,CUST004995,Mortgage,Active,25000.0,22452.93,9.32,2024-09-07
LOAN0000108,CUST001215,Mortgage,Active,150000.0,73171.11,5.56,2023-10-14
LOAN0000109,CUST004837,Mortgage,Active,5000.0,3984.13,8.83,2022-07-18
LOAN0000110,CUST002678,Student,Active,300000.0,136222.31,10.34,2020-08-19
LOAN0000111,CUST004289,Mortgage,Active,15000.0,12310.15,8.58,2025-03-15
LOAN0000112,CUST001083,Auto,Closed,50000.0,17878.99,8.87,2023-06-24
LOAN0000113,CUST001011,Business,Active,25000.0,9535.34,5.56,2023-03-11
LOAN0000114,CUST001869,Personal,Active,15000.0,10384.43,3.49,2022-01-06
LOAN0000115,CUST004222,Auto,Active,500000.0,160085.32,8.87,2025-07-09
LOAN0000116,CUST002450,Auto,Active,15000.0,4999.85,7.2,2023-05-10
LOAN0000117,CUST001629,Auto,Active,50000.0,19710.5,4.94,2025-12-18
LOAN0000118,CUST004481,Student,Active,150000.0,103971.45,5.24,2024-06-29
LOAN0000119,CUST000959,Mortgage,Delinquent,10000.0,8615.1,10.4,2021-09-06
LOAN0000120,CUST000809,Student,Active,25000.0,17241.35,7.22,2022-01-28
LOAN0000121,CUST002681,Auto,Closed,150000.0,121837.71,7.99,2025-11-18
LOAN0000122,CUST004357,Business,Active,50000.0,29242.42,4.25,2023-12-23
LOAN0000123,CUST000563,Personal,Active,10000.0,2051.39,11.46,2025-02-04
LOAN0000124,CUST002000,Student,Active,500000.0,115186.48,9.91,2024-04-10
LOAN0000125,CUST004225,Student,Active,50000.0,29675.68,7.23,2022-03-11
LOAN0000126,CUST004120,Auto,Active,50000.0,20612.04,8.02,2025-09-11
LOAN0000127,CUST004977,Auto,Active,15000.0,4896.82,9.57,2022-12-02
LOAN0000128,CUST001293,Auto,Active,300000.0,156901.66,6.17,2023-03-01
LOAN0000129,CUST003515,Personal,Active,150000.0,102479.61,7.13,2021-09-23
LOAN0000130,CUST001071,Student,Active,500000.0,228996.78,6.32,2021-03-28
LOAN0000131,CUST000191,Auto,Active,50000.0,39601.69,2.65,2025-12-19
LOAN0000132,CUST001277,Business,Delinquent,150000.0,111122.79,4.38,2025-02-08
LOAN0000133,CUST002537,Mortgage,Active,10000.0,7379.32,7.53,2022-04-14
LOAN0000134,CUST002928,Personal,Active,15000.0,14072.28,8.64,2023-07-11
LOAN0000135,CUST002657,Student,Active,10000.0,3861.84,9.07,2021-03-17
LOAN0000136,CUST003281,Auto,Active,10000.0,6657.8,7.28,2021-11-02
LOAN0000137,CUST004668,Student,Active,15000.0,12515.74,10.7,2025-11-24
LOAN0000138,CUST001768,Personal,Active,150000.0,92042.93,6.75,2026-04-07
LOAN0000139,CUST003884,Auto,Active,10000.0,7816.02,4.99,2023-07-05
LOAN0000140,CUST000988,Student,Active,5000.0,2407.81,10.5,2022-06-28
LOAN0000141,CUST002221,Auto,Active,150000.0,93358.96,2.86,2024-06-08
LOAN0000142,CUST003849,Mortgage,Closed,300000.0,58359.93,4.99,2026-02-17
LOAN0000143,CUST003226,Auto,Active,300000.0,281584.23,2.9,2025-03-19
LOAN0000144,CUST004220,Mortgage,Active,50000.0,39500.74,10.96,2026-02-16
LOAN0000145,CUST001149,Personal,Active,15000.0,12675.71,6.25,2025-02-06
LOAN0000146,CUST002964,Student,Active,300000.0,211630.63,9.6,2022-06-20
LOAN0000147,CUST002917,Mortgage,Active,15000.0,4482.6,9.63,2025-03-12
LOAN0000148,CUST004364,Personal,Active,150000.0,26223.41,4.59,2021-02-04
LOAN0000149,CUST003175,Business,Active,5000.0,4208.63,10.27,2021-04-29
LOAN0000150,CUST004197,Student,Active,500000.0,233532.26,12.43,2022-05-19
LOAN0000151,CUST000675,Business,Active,5000.0,1805.46,6.49,2025-02-17
LOAN0000152,CUST003372,Auto,Active,5000.0,2996.69,9.96,2023-04-28
LOAN0000153,CUST000367,Mortgage,Active,5000.0,2433.59,10.88,2021-11-14
LOAN0000154,CUST003906,Student,Active,25000.0,16783.32,8.12,2022-02-11
LOAN0000155,CUST003319,Personal,Active,500000.0,268517.29,4.64,2022-11-24
LOAN0000156,CUST000288,Personal,Active,15000.0,10616.8,3.66,2024-10-22
LOAN0000157,CUST003043,Personal,Active,10000.0,8327.39,10.12,2022-11-07
LOAN0000158,CUST004530,Student,Active,15000.0,4596.68,8.38,2025-10-14
LOAN0000159,CUST000367,Mortgage,Active,300000.0,124063.89,7.12,2022-07-16
LOAN0000160,CUST004286,Personal,Closed,500000.0,249726.23,3.13,2024-12-28
LOAN0000161,CUST003048,Personal,Active,15000.0,13794.7,7.52,2020-08-07
LOAN0000162,CUST002509,Student,Closed,15000.0,6634.0,5.12,2023-09-14
LOAN0000163,CUST004550,Personal,Active,500000.0,227439.94,12.33,2026-04-22
LOAN0000164,CUST000033,Mortgage,Active,5000.0,3363.89,6.06,2025-02-02
LOAN0000165,CUST000890,Personal,Active,5000.0,2426.8,6.01,2022-01-03
LOAN0000166,CUST003506,Student,Closed,25000.0,22774.47,10.27,2021-02-01
LOAN0000167,CUST004035,Business,Active,150000.0,129836.25,7.81,2022-05-04
LOAN0000168,CUST001975,Personal,Delinquent,15000.0,8410.91,8.2,2024-08-26
LOAN0000169,CUST000410,Business,Active,50000.0,33291.01,4.06,2024-05-30
LOAN0000170,CUST003644,Personal,Active,500000.0,98212.22,3.95,2025-10-28
LOAN0000171,CUST002593,Auto,Active,150000.0,105987.66,5.26,2024-02-12
LOAN0000172,CUST004277,Personal,Active,300000.0,214728.21,11.53,2025-03-18
LOAN0000173,CUST004587,Personal,Active,500000.0,218679.72,9.62,2023-11-29
LOAN0000174,CUST003581,Auto,Active,25000.0,8143.66,6.04,2021-11-15
LOAN0000175,CUST004241,Auto,Active,500000.0,441031.36,3.38,2021-06-03
LOAN0000176,CUST003554,Auto,Active,300000.0,147409.18,9.67,2026-01-26
LOAN0000177,CUST003866,Auto,Active,5000.0,3364.82,9.26,2024-04-18
LOAN0000178,CUST002169,Mortgage,Active,300000.0,52998.91,7.47,2021-09-23
LOAN0000179,CUST004177,Business,Delinquent,15000.0,7218.81,9.16,2020-08-12
LOAN0000180,CUST004813,Auto,Active,5000.0,4019.04,10.79,2023-12-11
LOAN0000181,CUST000732,Auto,Active,500000.0,230030.4,8.14,2022-03-24
LOAN0000182,CUST003131,Student,Active,150000.0,94879.34,11.33,2024-01-26
LOAN0000183,CUST002231,Business,Active,10000.0,3178.85,9.55,2026-02-13
LOAN0000184,CUST003384,Personal,Closed,5000.0,2416.1,11.71,2020-06-23
LOAN0000185,CUST001956,Student,Active,5000.0,4460.55,6.07,2022-11-02
LOAN0000186,CUST002672,Auto,Active,25000.0,15079.03,3.41,2024-06-20
LOAN0000187,CUST001030,Business,Closed,10000.0,8715.45,4.68,2021-04-24
LOAN0000188,CUST004198,Mortgage,Active,150000.0,130742.32,5.5,2020-08-08
LOAN0000189,CUST003670,Student,Active,500000.0,452659.12,11.02,2024-02-01
LOAN0000190,CUST002473,Student,Active,50000.0,43315.67,10.84,2020-09-22
LOAN0000191,CUST000419,Business,Active,50000.0,7631.25,3.1,2020-11-15
LOAN0000192,CUST001156,Student,Closed,500000.0,448605.96,11.68,2020-10-24
LOAN0000193,CUST001253,Personal,Active,50000.0,12998.38,3.9,2020-12-13
LOAN0000194,CUST004399,Business,Active,15000.0,2729.12,4.83,2023-07-09
LOAN0000195,CUST003757,Mortgage,Closed,50000.0,9715.54,3.01,2023-07-28
LOAN0000196,CUST003592,Business,Active,15000.0,6436.99,3.06,2024-09-16
LOAN0000197,CUST001420,Student,Closed,150000.0,96996.49,6.81,2025-06-08
LOAN0000198,CUST000900,Auto,Active,150000.0,70777.34,2.66,2025-07-05
LOAN0000199,CUST002586,Business,Active,5000.0,852.22,9.03,2022-05-09
LOAN0000200,CUST004371,Student,Active,500000.0,265593.05,7.21,2024-02-27
LOAN0000201,CUST002179,Student,Active,50000.0,25185.23,11.66,2021-02-11
LOAN0000202,CUST003794,Mortgage,Active,25000.0,18886.99,5.5,2021-04-09
LOAN0000203,CUST002148,Business,Active,150000.0,56053.55,10.05,2023-09-28
LOAN0000204,CUST004018,Mortgage,Active,10000.0,3240.25,5.62,2024-10-13
LOAN0000205,CUST001992,Student,Active,10000.0,3547.51,11.59,2022-09-27
LOAN0000206,CUST004768,Business,Active,500000.0,196495.93,5.38,2026-04-13
LOAN0000207,CUST000254,Business,Active,500000.0,314665.95,3.41,2025-04-03
LOAN0000208,CUST003688,Mortgage,Active,150000.0,79083.06,6.0,2025-01-15
LOAN0000209,CUST000199,Auto,Active,5000.0,2097.58,3.84,2023-03-02
LOAN0000210,CUST001116,Personal,Active,500000.0,224725.66,12.13,2021-04-08
LOAN0000211,CUST002605,Mortgage,Active,300000.0,134021.68,11.58,2021-09-19
LOAN0000212,CUST002817,Personal,Active,10000.0,9279.25,9.47,2022-12-19
LOAN0000213,CUST004230,Auto,Closed,500000.0,168198.8,9.33,2020-08-28
LOAN0000214,CUST003875,Personal,Active,10000.0,8044.49,5.6,2023-01-14
LOAN0000215,CUST000738,Auto,Active,300000.0,214970.6,7.12,2024-03-16
LOAN0000216,CUST002629,Personal,Active,5000.0,772.28,7.68,2025-01-03
LOAN0000217,CUST001843,Personal,Active,300000.0,283362.29,11.31,2022-10-28
LOAN0000218,CUST003813,Auto,Active,5000.0,3775.76,12.08,2024-03-21
LOAN0000219,CUST002360,Personal,Active,5000.0,3479.8,11.54,2025-02-09
LOAN0000220,CUST002939,Mortgage,Active,25000.0,11856.49,8.73,2023-10-31
LOAN0000221,CUST003361,Mortgage,Delinquent,5000.0,2970.81,3.48,2024-03-03
LOAN0000222,CUST003585,Student,Active,5000.0,1763.08,5.96,2024-11-14
LOAN0000223,CUST004692,Auto,Closed,5000.0,891.93,5.87,2021-07-28
LOAN0000224,CUST004810,Mortgage,Active,150000.0,122822.6,8.21,2024-03-23
LOAN0000225,CUST002504,Student,Active,500000.0,433593.8,8.71,2023-09-30
LOAN0000226,CUST001051,Student,Delinquent,500000.0,139988.25,10.32,2024-08-15
LOAN0000227,CUST002738,Personal,Active,50000.0,38982.24,8.8,2023-06-22
LOAN0000228,CUST000822,Student,Active,150000.0,111438.32,11.63,2026-02-01
LOAN0000229,CUST000661,Business,Active,50000.0,14635.0,11.94,2021-07-19
LOAN0000230,CUST000126,Mortgage,Closed,25000.0,12186.58,9.42,2022-02-11
LOAN0000231,CUST001925,Mortgage,Active,25000.0,12205.16,9.49,2021-09-13
LOAN0000232,CUST004125,Student,Active,500000.0,378985.7,7.32,2021-05-13
LOAN0000233,CUST002889,Business,Delinquent,500000.0,410064.36,7.53,2020-09-20
LOAN0000234,CUST003414,Personal,Active,10000.0,2258.2,8.78,2020-12-16
LOAN0000235,CUST002428,Auto,Active,300000.0,180112.62,12.4,2022-10-22
LOAN0000236,CUST004444,Business,Active,300000.0,227819.64,2.61,2024-06-06
LOAN0000237,CUST003260,Personal,Active,150000.0,116842.87,10.64,2023-11-28
LOAN0000238,CUST002392,Mortgage,Active,50000.0,13419.74,7.58,2025-05-17
LOAN0000239,CUST003948,Student,Active,25000.0,14260.1,7.37,2024-03-05
LOAN0000240,CUST002948,Personal,Active,25000.0,20901.17,3.42,2024-02-05
LOAN0000241,CUST000752,Student,Active,500000.0,202407.43,11.09,2025-04-23
LOAN0000242,CUST004173,Mortgage,Active,150000.0,73514.03,9.51,2025-01-31
LOAN0000243,CUST002403,Student,Active,10000.0,7934.87,8.36,2023-03-15
LOAN0000244,CUST003125,Auto,Active,500000.0,110727.81,3.88,2023-08-21
LOAN0000245,CUST000093,Mortgage,Active,500000.0,418797.32,10.59,2020-12-04
LOAN0000246,CUST004175,Auto,Active,5000.0,1994.63,4.34,2020-11-17
LOAN0000247,CUST002618,Business,Active,15000.0,2267.4,8.18,2025-05-03
LOAN0000248,CUST001886,Personal,Active,10000.0,3373.27,6.6,2025-03-23
LOAN0000249,CUST002154,Business,Active,300000.0,66480.15,10.57,2023-01-10
LOAN0000250,CUST004766,Business,Active,500000.0,111953.96,12.46,2021-12-28
LOAN0000251,CUST000320,Auto,Active,300000.0,211280.58,10.42,2023-03-24
LOAN0000252,CUST001336,Personal,Active,15000.0,4817.72,11.75,2022-03-10
LOAN0000253,CUST004628,Student,Active,10000.0,8977.94,7.44,2022-02-18
LOAN0000254,CUST001519,Student,Active,10000.0,5631.56,5.37,2025-04-29
LOAN0000255,CUST002123,Student,Active,5000.0,2590.39,10.02,2025-10-28
LOAN0000256,CUST001892,Student,Active,25000.0,12435.67,8.08,2023-02-09
LOAN0000257,CUST004247,Mortgage,Active,50000.0,35203.51,6.02,2022-07-08
LOAN0000258,CUST004755,Business,Active,10000.0,5118.1,7.21,2024-12-23
LOAN0000259,CUST001066,Auto,Active,5000.0,1264.4,11.0,2022-03-26
LOAN0000260,CUST004171,Personal,Active,300000.0,256241.32,11.95,2023-08-08
LOAN0000261,CUST002176,Business,Closed,15000.0,7390.74,11.36,2024-04-30
LOAN0000262,CUST001025,Business,Active,150000.0,31380.55,2.69,2026-04-06
LOAN0000263,CUST004972,Personal,Active,300000.0,172047.84,5.6,2022-04-09
LOAN0000264,CUST002211,Student,Active,500000.0,333938.74,4.98,2020-08-07
LOAN0000265,CUST001400,Auto,Active,150000.0,55569.9,10.37,2023-10-16
LOAN0000266,CUST003384,Personal,Active,25000.0,19756.81,10.05,2025-12-10
LOAN0000267,CUST000444,Mortgage,Closed,150000.0,102873.1,3.73,2022-12-17
LOAN0000268,CUST004700,Business,Active,10000.0,6702.73,10.37,2020-12-22
LOAN0000269,CUST004431,Student,Active,15000.0,7299.9,4.41,2024-02-24
LOAN0000270,CUST001545,Student,Delinquent,10000.0,9195.32,3.21,2021-08-18
LOAN0000271,CUST003871,Business,Active,150000.0,55402.7,2.71,2023-09-18
LOAN0000272,CUST001445,Personal,Active,50000.0,30608.22,9.58,2026-04-19
LOAN0000273,CUST003587,Mortgage,Active,300000.0,119173.24,9.95,2022-08-04
LOAN0000274,CUST003872,Student,Active,500000.0,372921.9,11.42,2021-05-07
LOAN0000275,CUST003029,Mortgage,Active,150000.0,28234.98,5.78,2024-05-26
LOAN0000276,CUST002893,Business,Active,500000.0,93357.55,9.03,2023-12-01
LOAN0000277,CUST003709,Student,Active,50000.0,39934.44,5.29,2026-01-23
LOAN0000278,CUST001240,Personal,Active,150000.0,74612.18,4.65,2024-09-03
LOAN0000279,CUST004439,Business,Active,25000.0,10573.6,9.27,2024-06-26
LOAN0000280,CUST002525,Auto,Active,15000.0,9540.32,11.83,2022-07-27
LOAN0000281,CUST002948,Personal,Active,50000.0,35575.97,11.14,2024-05-25
LOAN0000282,CUST004403,Personal,Active,5000.0,1554.81,2.95,2022-09-08
LOAN0000283,CUST003177,Student,Active,25000.0,7458.62,9.09,2024-08-19
LOAN0000284,CUST002364,Mortgage,Active,10000.0,9165.21,3.48,2023-07-30
LOAN0000285,CUST002317,Student,Active,150000.0,93259.72,6.17,2022-06-30
LOAN0000286,CUST000837,Auto,Active,15000.0,6931.4,11.39,2024-12-05
LOAN0000287,CUST000236,Personal,Active,15000.0,11867.3,7.59,2026-03-15
LOAN0000288,CUST004039,Mortgage,Active,150000.0,85519.08,9.95,2022-12-23
LOAN0000289,CUST000279,Student,Closed,5000.0,1716.65,9.81,2024-11-02
LOAN0000290,CUST001017,Student,Closed,300000.0,94616.47,6.23,2020-10-22
LOAN0000291,CUST002392,Student,Active,300000.0,140246.22,8.53,2021-01-09
LOAN0000292,CUST003025,Personal,Active,50000.0,41895.83,6.92,2020-12-19
LOAN0000293,CUST001958,Mortgage,Active,150000.0,29873.75,11.85,2022-07-24
LOAN0000294,CUST001175,Business,Active,500000.0,162410.4,4.93,2025-06-29
LOAN0000295,CUST001543,Auto,Active,15000.0,12967.82,2.7,2022-08-07
LOAN0000296,CUST000607,Student,Closed,5000.0,1236.94,3.71,2024-09-30
LOAN0000297,CUST003621,Auto,Active,300000.0,196110.17,4.6,2022-01-19
LOAN0000298,CUST004418,Business,Active,5000.0,1604.05,11.39,2023-12-25
LOAN0000299,CUST003142,Business,Active,300000.0,190408.04,8.21,2024-05-24
LOAN0000300,CUST004796,Personal,Active,10000.0,4564.83,5.63,2025-06-11
LOAN0000301,CUST000025,Student,Active,5000.0,1156.71,6.83,2025-06-23
LOAN0000302,CUST002843,Mortgage,Active,25000.0,15399.5,11.88,2025-05-21
LOAN0000303,CUST003960,Mortgage,Active,500000.0,348217.1,9.94,2021-11-27
LOAN0000304,CUST004300,Mortgage,Active,15000.0,10413.27,5.74,2021-06-15
LOAN0000305,CUST002137,Personal,Active,25000.0,16490.69,10.35,2022-05-14
LOAN0000306,CUST001374,Business,Active,300000.0,165053.95,3.11,2023-12-24
LOAN0000307,CUST000560,Personal,Active,5000.0,2827.89,5.64,2025-07-03
LOAN0000308,CUST003941,Auto,Active,5000.0,3292.56,7.03,2023-12-04
LOAN0000309,CUST003482,Business,Active,500000.0,351103.74,7.41,2021-10-03
LOAN0000310,CUST002792,Auto,Closed,25000.0,16847.53,9.22,2026-03-13
LOAN0000311,CUST001893,Mortgage,Active,10000.0,6195.56,7.35,2020-12-24
LOAN0000312,CUST002580,Business,Active,5000.0,1373.36,6.48,2023-09-04
LOAN0000313,CUST003855,Auto,Delinquent,25000.0,7962.33,10.71,2024-11-29
LOAN0000314,CUST002988,Personal,Active,25000.0,8954.48,3.98,2025-11-30
LOAN0000315,CUST004643,Personal,Active,500000.0,442864.66,7.08,2022-12-22
LOAN0000316,CUST000605,Business,Active,15000.0,11362.74,9.27,2022-11-10
LOAN0000317,CUST003409,Mortgage,Active,10000.0,5922.93,9.91,2025-01-14
LOAN0000318,CUST004956,Student,Active,50000.0,17582.28,4.8,2022-12-17
LOAN0000319,CUST004540,Auto,Active,25000.0,5967.83,12.15,2023-10-05
LOAN0000320,CUST002278,Student,Delinquent,500000.0,434503.69,2.78,2026-04-18
LOAN0000321,CUST000319,Auto,Active,500000.0,432066.41,4.08,2026-01-20
LOAN0000322,CUST002974,Personal,Active,15000.0,3578.35,12.42,2021-03-15
LOAN0000323,CUST003082,Mortgage,Active,50000.0,39388.67,11.95,2023-07-27
LOAN0000324,CUST003847,Auto,Closed,500000.0,253658.03,6.06,2026-03-02
LOAN0000325,CUST004035,Business,Active,500000.0,204586.77,8.84,2025-01-20
LOAN0000326,CUST003623,Mortgage,Closed,15000.0,11119.25,7.84,2020-06-17
LOAN0000327,CUST003672,Student,Active,15000.0,9621.95,3.2,2023-03-02
LOAN0000328,CUST000799,Personal,Active,150000.0,116103.61,10.5,2024-10-04
LOAN0000329,CUST002423,Auto,Closed,10000.0,2094.63,3.55,2024-07-31
LOAN0000330,CUST003876,Mortgage,Active,5000.0,2024.35,5.84,2024-12-11
LOAN0000331,CUST001713,Personal,Active,10000.0,4054.53,4.74,2021-05-22
LOAN0000332,CUST001377,Business,Active,50000.0,20690.12,5.62,2020-06-17
LOAN0000333,CUST001619,Auto,Delinquent,150000.0,82797.58,6.94,2021-01-24
LOAN0000334,CUST002131,Student,Closed,500000.0,188205.52,9.16,2021-09-08
LOAN0000335,CUST000963,Mortgage,Closed,10000.0,5055.07,3.24,2022-01-06
LOAN0000336,CUST001825,Student,Active,500000.0,222111.04,10.15,2023-04-14
LOAN0000337,CUST002856,Mortgage,Active,5000.0,3691.18,2.81,2024-02-17
LOAN0000338,CUST000282,Personal,Closed,10000.0,6328.01,5.36,2021-04-20
LOAN0000339,CUST003283,Mortgage,Closed,10000.0,6729.04,7.32,2022-09-10
LOAN0000340,CUST002038,Mortgage,Active,10000.0,3184.67,4.92,2024-11-02
LOAN0000341,CUST002652,Auto,Active,25000.0,10260.04,3.47,2020-08-09
LOAN0000342,CUST003721,Personal,Closed,25000.0,4173.31,6.22,2024-12-17
LOAN0000343,CUST004571,Auto,Active,10000.0,2367.0,5.73,2025-11-18
LOAN0000344,CUST000039,Student,Active,5000.0,1810.22,4.72,2023-12-15
LOAN0000345,CUST000285,Auto,Delinquent,500000.0,101185.49,10.97,2025-01-26
LOAN0000346,CUST004131,Business,Active,300000.0,189631.78,10.75,2022-05-30
LOAN0000347,CUST002750,Business,Active,5000.0,4742.52,4.29,2020-10-23
LOAN0000348,CUST004178,Business,Active,5000.0,1153.26,11.05,2022-06-06
LOAN0000349,CUST004714,Student,Active,5000.0,4034.92,5.87,2021-12-20
LOAN0000350,CUST000420,Student,Active,500000.0,122526.5,9.7,2025-09-29
LOAN0000351,CUST000939,Mortgage,Active,150000.0,102889.68,4.4,2025-04-27
LOAN0000352,CUST000786,Student,Active,150000.0,99678.91,8.6,2025-07-25
LOAN0000353,CUST003226,Auto,Closed,15000.0,13082.6,10.02,2022-10-10
LOAN0000354,CUST000500,Personal,Active,10000.0,2411.56,2.64,2023-02-13
LOAN0000355,CUST003513,Mortgage,Active,300000.0,120706.67,10.6,2023-11-05
LOAN0000356,CUST001132,Student,Active,300000.0,66787.14,11.38,2026-03-02
LOAN0000357,CUST000062,Business,Active,10000.0,4759.07,10.23,2020-12-19
LOAN0000358,CUST002928,Personal,Active,15000.0,13189.12,8.43,2021-10-01
LOAN0000359,CUST004285,Mortgage,Active,5000.0,3876.09,3.83,2023-11-28
LOAN0000360,CUST003231,Student,Active,50000.0,36416.0,10.71,2022-08-11
LOAN0000361,CUST000391,Business,Delinquent,50000.0,28821.1,10.62,2026-04-05
LOAN0000362,CUST000604,Student,Active,500000.0,428394.3,3.27,2023-11-13
LOAN0000363,CUST003401,Auto,Active,15000.0,7643.3,6.91,2023-12-29
LOAN0000364,CUST002970,Business,Active,300000.0,80924.56,8.16,2024-10-05
LOAN0000365,CUST003124,Student,Active,50000.0,41003.41,4.42,2021-10-11
LOAN0000366,CUST003339,Auto,Active,25000.0,9342.77,10.18,2021-09-03
LOAN0000367,CUST003587,Personal,Active,10000.0,1929.07,8.98,2024-06-09
LOAN0000368,CUST004708,Business,Active,50000.0,12541.52,6.86,2021-08-11
LOAN0000369,CUST001247,Auto,Active,500000.0,318623.57,6.3,2022-06-23
LOAN0000370,CUST004004,Student,Delinquent,150000.0,95349.84,10.77,2021-08-15
LOAN0000371,CUST002995,Personal,Active,500000.0,179073.27,9.28,2022-05-09
LOAN0000372,CUST003754,Mortgage,Active,150000.0,109761.62,4.72,2022-12-08
LOAN0000373,CUST002486,Mortgage,Active,300000.0,230673.64,11.0,2025-04-06
LOAN0000374,CUST000748,Mortgage,Active,300000.0,265920.63,4.85,2021-03-06
LOAN0000375,CUST002607,Business,Active,25000.0,15448.75,2.71,2022-04-15
LOAN0000376,CUST004999,Mortgage,Active,500000.0,386769.35,11.96,2021-12-28
LOAN0000377,CUST000125,Auto,Active,10000.0,7524.8,10.49,2023-10-06
LOAN0000378,CUST002740,Personal,Active,500000.0,178123.62,5.85,2021-02-15
LOAN0000379,CUST003341,Personal,Closed,25000.0,9954.52,2.59,2021-09-25
LOAN0000380,CUST001161,Mortgage,Active,10000.0,5327.86,5.93,2020-07-04
LOAN0000381,CUST001383,Business,Active,10000.0,1652.31,2.78,2023-03-04
LOAN0000382,CUST002680,Business,Active,300000.0,116375.47,10.09,2024-05-09
LOAN0000383,CUST004839,Business,Active,50000.0,26455.31,6.44,2021-07-30
LOAN0000384,CUST001363,Mortgage,Active,500000.0,118227.72,8.58,2022-03-15
LOAN0000385,CUST003881,Student,Active,150000.0,37653.11,4.08,2023-01-26
LOAN0000386,CUST000064,Mortgage,Active,15000.0,7808.84,3.86,2021-08-05
LOAN0000387,CUST003809,Auto,Closed,50000.0,36738.6,4.99,2023-06-06
LOAN0000388,CUST000830,Personal,Active,500000.0,408499.57,6.97,2026-03-17
LOAN0000389,CUST002227,Student,Active,300000.0,176115.34,11.22,2024-02-18
LOAN0000390,CUST002795,Mortgage,Active,5000.0,2649.0,7.12,2022-04-09
LOAN0000391,CUST000651,Auto,Active,25000.0,11435.61,11.21,2025-01-16
LOAN0000392,CUST000493,Mortgage,Active,300000.0,91307.76,4.89,2022-08-28
LOAN0000393,CUST000324,Personal,Active,500000.0,133624.8,6.53,2025-01-31
LOAN0000394,CUST003712,Business,Active,5000.0,3917.59,2.56,2024-12-03
LOAN0000395,CUST003926,Business,Active,10000.0,5220.05,5.46,2022-06-03
LOAN0000396,CUST000188,Student,Active,300000.0,234676.86,11.24,2023-09-11
LOAN0000397,CUST001712,Personal,Active,50000.0,35663.32,7.28,2023-05-30
LOAN0000398,CUST000867,Mortgage,Active,500000.0,152558.37,2.92,2023-11-21
LOAN0000399,CUST000226,Student,Closed,5000.0,2791.23,9.73,2021-06-16
LOAN0000400,CUST004312,Mortgage,Active,5000.0,2526.07,7.36,2025-08-23
LOAN0000401,CUST004688,Auto,Active,150000.0,73364.82,6.77,2022-09-23
LOAN0000402,CUST003235,Business,Active,300000.0,175217.05,11.93,2021-02-08
LOAN0000403,CUST002023,Mortgage,Active,5000.0,4678.33,7.05,2024-01-21
LOAN0000404,CUST001315,Student,Active,150000.0,120048.07,11.34,2025-11-19
LOAN0000405,CUST004298,Mortgage,Active,150000.0,130945.49,6.03,2023-04-13
LOAN0000406,CUST001562,Auto,Active,10000.0,1737.12,9.95,2022-07-15
LOAN0000407,CUST002424,Student,Active,500000.0,131134.55,4.6,2021-04-04
LOAN0000408,CUST000027,Student,Delinquent,150000.0,32671.64,7.91,2024-07-19
LOAN0000409,CUST004222,Mortgage,Active,10000.0,3605.85,11.35,2021-12-20
LOAN0000410,CUST002228,Mortgage,Active,150000.0,75527.1,3.45,2022-09-19
LOAN0000411,CUST003398,Auto,Active,150000.0,99546.39,11.75,2021-11-27
LOAN0000412,CUST003531,Personal,Active,300000.0,165199.5,11.11,2024-01-11
LOAN0000413,CUST003560,Auto,Active,300000.0,261764.14,11.67,2022-11-05
LOAN0000414,CUST001352,Mortgage,Active,10000.0,9018.85,11.41,2025-04-03
LOAN0000415,CUST001088,Business,Active,5000.0,1404.08,4.56,2022-01-10
LOAN0000416,CUST003576,Student,Active,25000.0,20808.26,12.09,2025-05-02
LOAN0000417,CUST002402,Mortgage,Active,50000.0,26768.89,10.86,2024-12-23
LOAN0000418,CUST000645,Mortgage,Active,50000.0,25633.18,4.29,2020-10-28
LOAN0000419,CUST003440,Business,Active,10000.0,7779.51,10.95,2026-02-23
LOAN0000420,CUST004814,Student,Active,5000.0,1122.56,2.84,2023-10-23
LOAN0000421,CUST004641,Auto,Active,300000.0,256798.35,7.71,2020-12-21
LOAN0000422,CUST004904,Auto,Active,300000.0,206007.21,6.92,2026-03-08
LOAN0000423,CUST000122,Business,Active,25000.0,21255.23,3.13,2024-06-11
LOAN0000424,CUST003258,Personal,Active,15000.0,14183.73,2.62,2025-11-09
LOAN0000425,CUST002895,Auto,Active,300000.0,169321.07,8.15,2023-07-03
LOAN0000426,CUST002619,Mortgage,Active,10000.0,2246.1,5.37,2021-12-04
LOAN0000427,CUST003791,Business,Closed,15000.0,4248.29,4.9,2025-03-09
LOAN0000428,CUST001333,Personal,Active,50000.0,20444.73,9.33,2021-01-08
LOAN0000429,CUST003569,Business,Active,50000.0,11642.12,5.28,2023-07-09
LOAN0000430,CUST001924,Business,Active,300000.0,240682.04,4.49,2023-03-07
LOAN0000431,CUST002299,Personal,Active,25000.0,9687.36,6.71,2025-01-25
LOAN0000432,CUST001973,Personal,Active,500000.0,465354.48,5.66,2025-01-02
LOAN0000433,CUST001165,Personal,Active,25000.0,17801.83,8.63,2023-03-22
LOAN0000434,CUST001570,Business,Active,15000.0,4331.16,8.41,2026-02-17
LOAN0000435,CUST001090,Mortgage,Active,500000.0,265417.06,10.8,2025-12-08
LOAN0000436,CUST000857,Auto,Active,300000.0,157052.21,5.52,2022-02-16
LOAN0000437,CUST001452,Business,Active,50000.0,27200.47,7.47,2023-11-09
LOAN0000438,CUST000449,Personal,Active,25000.0,14463.82,9.6,2023-07-21
LOAN0000439,CUST004193,Personal,Active,25000.0,4373.46,3.85,2020-10-11
LOAN0000440,CUST003976,Student,Active,500000.0,349520.45,3.07,2021-06-18
LOAN0000441,CUST000225,Mortgage,Active,50000.0,26987.67,11.21,2023-05-21
LOAN0000442,CUST002225,Student,Closed,300000.0,234831.7,6.31,2022-07-18
LOAN0000443,CUST002011,Student,Active,50000.0,40113.98,8.07,2023-03-14
LOAN0000444,CUST001442,Mortgage,Active,5000.0,1672.14,12.34,2022-08-14
LOAN0000445,CUST004107,Mortgage,Active,150000.0,28310.75,6.5,2023-03-26
LOAN0000446,CUST002625,Auto,Closed,25000.0,17814.68,7.54,2025-06-23
LOAN0000447,CUST000427,Business,Closed,15000.0,13983.15,5.78,2024-03-16
LOAN0000448,CUST004744,Auto,Active,300000.0,152197.92,9.74,2022-01-02
LOAN0000449,CUST001020,Personal,Active,10000.0,3576.9,2.8,2024-10-23
LOAN0000450,CUST001484,Mortgage,Active,10000.0,2753.38,6.78,2025-12-02
LOAN0000451,CUST003316,Business,Active,50000.0,18997.82,10.17,2025-04-26
LOAN0000452,CUST002741,Personal,Active,150000.0,61850.35,3.03,2024-12-22
LOAN0000453,CUST003677,Mortgage,Active,300000.0,146729.94,6.35,2021-09-09
LOAN0000454,CUST001708,Business,Active,300000.0,202297.71,4.3,2022-04-13
LOAN0000455,CUST004392,Student,Active,15000.0,5527.96,7.59,2021-01-17
LOAN0000456,CUST003133,Business,Closed,5000.0,953.91,8.92,2021-05-16
LOAN0000457,CUST000950,Business,Closed,500000.0,224311.44,5.04,2025-09-03
LOAN0000458,CUST000409,Personal,Active,25000.0,20862.59,7.1,2025-05-04
LOAN0000459,CUST000750,Student,Active,5000.0,2743.41,12.15,2023-06-02
LOAN0000460,CUST000740,Mortgage,Active,300000.0,276548.1,7.31,2020-10-18
LOAN0000461,CUST001559,Business,Active,15000.0,8293.46,8.67,2022-01-20
LOAN0000462,CUST000249,Mortgage,Active,5000.0,1853.6,10.29,2026-02-09
LOAN0000463,CUST004776,Student,Active,50000.0,15232.56,11.75,2024-08-28
LOAN0000464,CUST004937,Personal,Active,10000.0,7056.2,11.0,2023-10-07
LOAN0000465,CUST003475,Mortgage,Active,50000.0,28955.25,2.51,2025-04-10
LOAN0000466,CUST001384,Mortgage,Closed,25000.0,15829.98,7.91,2025-03-31
LOAN0000467,CUST000384,Student,Active,50000.0,37705.07,9.37,2025-04-30
LOAN0000468,CUST003733,Personal,Active,15000.0,10960.84,4.13,2024-06-18
LOAN0000469,CUST000970,Business,Active,300000.0,55407.19,7.1,2024-06-22
LOAN0000470,CUST004707,Mortgage,Closed,15000.0,11880.86,5.69,2020-07-03
LOAN0000471,CUST001711,Student,Active,25000.0,14404.07,10.61,2020-07-19
LOAN0000472,CUST004501,Auto,Active,25000.0,11584.17,10.55,2024-09-23
LOAN0000473,CUST004082,Auto,Active,10000.0,5800.16,4.67,2023-11-10
LOAN0000474,CUST002637,Business,Active,5000.0,3199.81,8.03,2020-09-26
LOAN0000475,CUST001551,Mortgage,Active,10000.0,2696.05,9.45,2022-05-27
LOAN0000476,CUST004479,Personal,Active,50000.0,24196.62,8.4,2023-04-03
LOAN0000477,CUST003941,Student,Active,5000.0,2092.34,4.25,2023-11-25
LOAN0000478,CUST004485,Personal,Active,25000.0,10758.18,5.56,2025-11-12
LOAN0000479,CUST004132,Auto,Active,15000.0,3346.02,6.41,2024-10-15
LOAN0000480,CUST000576,Mortgage,Active,50000.0,13893.74,4.45,2021-08-19
LOAN0000481,CUST001851,Business,Active,500000.0,139732.83,11.38,2021-04-20
LOAN0000482,CUST002767,Student,Active,10000.0,4485.8,10.19,2026-01-27
LOAN0000483,CUST001178,Auto,Active,300000.0,259677.97,4.92,2023-06-04
LOAN0000484,CUST003682,Personal,Active,150000.0,47223.28,7.48,2021-06-25
LOAN0000485,CUST001152,Business,Active,150000.0,72443.1,3.53,2025-06-14
LOAN0000486,CUST002203,Personal,Active,25000.0,9982.19,7.95,2023-08-20
LOAN0000487,CUST003390,Auto,Active,300000.0,233972.0,11.25,2025-05-05
LOAN0000488,CUST000904,Student,Active,5000.0,950.51,2.98,2020-11-30
LOAN0000489,CUST004955,Student,Active,150000.0,46085.21,10.97,2025-07-06
LOAN0000490,CUST002834,Auto,Active,5000.0,1592.57,11.92,2023-01-15
LOAN0000491,CUST002369,Mortgage,Active,15000.0,14165.55,3.1,2023-03-27
LOAN0000492,CUST002699,Student,Active,25000.0,15165.5,2.52,2024-09-22
LOAN0000493,CUST002590,Mortgage,Active,500000.0,130583.31,5.36,2024-12-25
LOAN0000494,CUST004968,Business,Active,25000.0,9193.98,4.78,2026-04-09
LOAN0000495,CUST000340,Student,Active,50000.0,14212.88,8.03,2022-05-01
LOAN0000496,CUST001839,Mortgage,Active,50000.0,12484.18,12.05,2022-06-10
LOAN0000497,CUST003821,Student,Active,300000.0,236323.69,10.28,2023-10-09
LOAN0000498,CUST003001,Student,Active,5000.0,2733.01,7.65,2023-10-14
LOAN0000499,CUST002394,Mortgage,Active,500000.0,327484.05,3.96,2022-07-31
LOAN0000500,CUST001120,Auto,Active,150000.0,62250.15,4.69,2024-04-05
LOAN0000501,CUST003009,Mortgage,Active,150000.0,88943.41,9.19,2024-12-13
LOAN0000502,CUST003895,Mortgage,Active,10000.0,3560.55,4.38,2025-02-18
LOAN0000503,CUST001159,Student,Active,500000.0,198214.51,2.81,2021-04-26
LOAN0000504,CUST003164,Personal,Active,5000.0,3358.95,3.95,2023-06-08
LOAN0000505,CUST001436,Student,Active,150000.0,40542.02,3.2,2024-11-25
LOAN0000506,CUST002649,Personal,Active,50000.0,32188.87,9.77,2024-04-28
LOAN0000507,CUST004306,Personal,Closed,50000.0,41589.39,6.13,2020-12-19
LOAN0000508,CUST001083,Personal,Closed,500000.0,123169.29,8.83,2025-08-20
LOAN0000509,CUST003903,Auto,Active,50000.0,43398.45,3.92,2022-10-19
LOAN0000510,CUST001394,Mortgage,Active,5000.0,1067.78,4.12,2022-04-09
LOAN0000511,CUST000591,Auto,Active,25000.0,10728.18,9.13,2023-05-06
LOAN0000512,CUST000357,Personal,Active,300000.0,191522.24,11.73,2023-01-26
LOAN0000513,CUST003361,Student,Active,10000.0,5975.32,10.93,2022-12-01
LOAN0000514,CUST001876,Mortgage,Active,10000.0,2271.13,5.78,2021-09-08
LOAN0000515,CUST000317,Personal,Closed,50000.0,39456.53,11.24,2024-11-29
LOAN0000516,CUST004736,Student,Delinquent,15000.0,13927.84,8.62,2025-07-29
LOAN0000517,CUST004621,Auto,Active,500000.0,147491.32,4.29,2020-11-23
LOAN0000518,CUST001983,Personal,Active,5000.0,4330.52,2.76,2020-09-01
LOAN0000519,CUST004079,Business,Active,500000.0,297723.78,3.09,2023-05-23
LOAN0000520,CUST003244,Business,Active,150000.0,134812.05,4.68,2022-05-17
LOAN0000521,CUST001808,Student,Active,500000.0,145434.38,11.93,2020-10-14
LOAN0000522,CUST003159,Auto,Active,150000.0,117542.57,5.69,2024-10-11
LOAN0000523,CUST003391,Business,Closed,500000.0,98912.63,9.64,2024-04-06
LOAN0000524,CUST003493,Student,Active,500000.0,428278.58,4.87,2022-03-24
LOAN0000525,CUST003428,Mortgage,Active,300000.0,206798.26,7.38,2021-07-01
LOAN0000526,CUST003618,Personal,Active,25000.0,11155.1,6.06,2022-03-31
LOAN0000527,CUST001365,Business,Active,50000.0,15118.67,3.84,2024-07-09
LOAN0000528,CUST000019,Mortgage,Active,15000.0,12048.4,7.69,2025-04-17
LOAN0000529,CUST003776,Mortgage,Active,50000.0,31629.65,10.5,2025-03-30
LOAN0000530,CUST004338,Business,Active,500000.0,219166.34,6.75,2023-07-24
LOAN0000531,CUST000848,Auto,Active,500000.0,252534.33,2.74,2021-12-07
LOAN0000532,CUST001279,Mortgage,Active,15000.0,12168.51,11.37,2024-08-30
LOAN0000533,CUST001461,Business,Closed,10000.0,4211.42,11.73,2024-04-15
LOAN0000534,CUST002803,Auto,Closed,15000.0,3325.59,12.16,2021-07-07
LOAN0000535,CUST003348,Mortgage,Active,10000.0,8790.26,10.9,2023-04-19
LOAN0000536,CUST004198,Mortgage,Active,10000.0,4598.75,5.35,2024-03-14
LOAN0000537,CUST002580,Auto,Active,500000.0,214355.0,11.56,2022-12-11
LOAN0000538,CUST000139,Student,Active,5000.0,1567.6,4.67,2025-09-11
LOAN0000539,CUST004653,Mortgage,Active,300000.0,260381.42,7.49,2024-05-30
LOAN0000540,CUST001598,Auto,Active,15000.0,4860.06,10.42,2020-08-13
LOAN0000541,CUST004070,Business,Active,25000.0,16483.46,10.29,2022-10-17
LOAN0000542,CUST004191,Business,Delinquent,25000.0,21365.3,12.15,2020-10-18
LOAN0000543,CUST003884,Student,Active,15000.0,2668.96,3.05,2022-07-23
LOAN0000544,CUST001147,Personal,Active,300000.0,243910.01,5.33,2025-05-27
LOAN0000545,CUST003803,Student,Active,5000.0,2392.4,6.28,2022-09-08
LOAN0000546,CUST004374,Mortgage,Active,25000.0,16909.49,9.18,2022-03-05
LOAN0000547,CUST000693,Business,Active,50000.0,22396.18,3.64,2025-01-09
LOAN0000548,CUST004136,Mortgage,Closed,25000.0,17660.33,9.61,2021-03-14
LOAN0000549,CUST004453,Auto,Active,500000.0,176717.97,11.18,2021-05-28
LOAN0000550,CUST000139,Student,Active,5000.0,837.72,3.72,2025-05-20
LOAN0000551,CUST002795,Mortgage,Active,10000.0,9082.3,4.79,2023-11-26
LOAN0000552,CUST004405,Personal,Active,10000.0,1630.94,6.1,2021-01-14
LOAN0000553,CUST000108,Business,Active,10000.0,8092.79,4.13,2023-07-03
LOAN0000554,CUST004581,Student,Active,500000.0,142655.04,7.06,2025-04-28
LOAN0000555,CUST001365,Business,Active,5000.0,2318.88,4.7,2022-10-28
LOAN0000556,CUST001715,Student,Closed,10000.0,8079.94,3.43,2022-08-25
LOAN0000557,CUST002127,Personal,Active,300000.0,94423.72,3.15,2025-12-26
LOAN0000558,CUST002855,Business,Active,10000.0,8425.66,7.03,2020-12-24
LOAN0000559,CUST001284,Business,Closed,5000.0,2741.04,3.28,2024-04-03
LOAN0000560,CUST003460,Auto,Active,500000.0,221461.39,9.83,2021-08-22
LOAN0000561,CUST001425,Auto,Active,50000.0,33997.51,7.12,2021-01-14
LOAN0000562,CUST002299,Personal,Closed,25000.0,10577.79,9.48,2021-01-22
LOAN0000563,CUST004597,Auto,Delinquent,5000.0,2139.15,9.4,2020-07-27
LOAN0000564,CUST003792,Student,Active,5000.0,3684.11,8.98,2024-04-24
LOAN0000565,CUST003644,Mortgage,Active,15000.0,5967.99,9.44,2021-10-12
LOAN0000566,CUST003976,Auto,Active,10000.0,3106.18,11.77,2021-10-01
LOAN0000567,CUST003601,Student,Closed,150000.0,119417.54,9.71,2022-08-20
LOAN0000568,CUST004000,Personal,Active,50000.0,39714.84,5.05,2026-04-08
LOAN0000569,CUST003900,Student,Active,150000.0,82210.28,6.01,2022-04-01
LOAN0000570,CUST001477,Mortgage,Active,15000.0,8569.87,8.73,2022-01-08
LOAN0000571,CUST003048,Business,Active,50000.0,35343.07,3.48,2025-03-03
LOAN0000572,CUST003592,Mortgage,Active,10000.0,5574.19,12.45,2023-07-04
LOAN0000573,CUST001038,Auto,Active,150000.0,72544.8,5.57,2023-01-18
LOAN0000574,CUST003000,Auto,Active,500000.0,472957.68,5.11,2024-05-04
LOAN0000575,CUST004396,Student,Active,10000.0,2681.12,12.09,2022-01-15
LOAN0000576,CUST000178,Mortgage,Active,10000.0,6241.82,7.74,2022-04-30
LOAN0000577,CUST000569,Business,Closed,25000.0,21467.26,3.7,2025-10-23
LOAN0000578,CUST003579,Personal,Active,50000.0,34988.6,9.32,2021-02-17
LOAN0000579,CUST000430,Auto,Active,50000.0,42736.93,11.21,2022-12-29
LOAN0000580,CUST000039,Auto,Active,15000.0,6286.02,9.08,2022-12-03
LOAN0000581,CUST001077,Personal,Active,500000.0,183797.19,11.02,2022-06-17
LOAN0000582,CUST001219,Mortgage,Active,5000.0,4155.09,4.2,2020-08-15
LOAN0000583,CUST001090,Business,Active,10000.0,4652.92,2.57,2022-01-09
LOAN0000584,CUST004599,Auto,Active,10000.0,7177.46,7.41,2022-05-18
LOAN0000585,CUST000732,Auto,Active,150000.0,40229.83,4.78,2021-11-04
LOAN0000586,CUST002994,Personal,Active,15000.0,11320.06,6.58,2025-03-07
LOAN0000587,CUST003656,Student,Active,50000.0,29459.31,11.3,2024-05-07
LOAN0000588,CUST001593,Business,Active,25000.0,9122.23,11.32,2023-08-04
LOAN0000589,CUST001337,Mortgage,Active,50000.0,27280.16,5.3,2025-12-03
LOAN0000590,CUST004326,Business,Active,25000.0,17688.87,6.27,2024-07-03
LOAN0000591,CUST000634,Business,Active,25000.0,3987.73,7.8,2023-07-11
LOAN0000592,CUST004213,Auto,Active,50000.0,32998.68,3.98,2024-09-14
LOAN0000593,CUST003711,Mortgage,Active,150000.0,87490.89,8.79,2024-02-21
LOAN0000594,CUST000021,Student,Active,10000.0,3262.29,10.77,2022-06-22
LOAN0000595,CUST001520,Personal,Active,25000.0,18809.62,7.19,2021-01-25
LOAN0000596,CUST001309,Personal,Active,150000.0,58915.32,8.61,2023-07-27
LOAN0000597,CUST000703,Personal,Active,15000.0,5572.33,7.61,2020-11-20
LOAN0000598,CUST001616,Business,Active,15000.0,7904.62,9.95,2023-02-22
LOAN0000599,CUST001859,Personal,Delinquent,25000.0,17272.99,9.58,2026-04-13
LOAN0000600,CUST004543,Auto,Active,10000.0,8930.77,11.18,2020-09-19
LOAN0000601,CUST004192,Auto,Active,25000.0,6577.14,4.58,2020-08-31
LOAN0000602,CUST003165,Auto,Active,15000.0,7007.62,6.92,2025-06-29
LOAN0000603,CUST002666,Auto,Active,300000.0,61077.5,6.94,2024-06-19
LOAN0000604,CUST002971,Student,Active,15000.0,11352.61,10.49,2022-11-22
LOAN0000605,CUST004803,Personal,Active,50000.0,25409.32,8.95,2023-07-21
LOAN0000606,CUST004789,Personal,Closed,300000.0,214662.99,9.92,2024-07-26
LOAN0000607,CUST000161,Student,Active,10000.0,4077.56,2.6,2021-10-01
LOAN0000608,CUST002276,Business,Closed,50000.0,41272.69,5.75,2021-12-31
LOAN0000609,CUST004809,Auto,Active,300000.0,173358.74,8.85,2025-06-15
LOAN0000610,CUST003669,Business,Active,150000.0,135732.94,9.14,2020-09-15
LOAN0000611,CUST001764,Student,Active,300000.0,63915.51,9.13,2021-08-16
LOAN0000612,CUST000051,Business,Active,150000.0,84213.22,2.9,2023-06-14
LOAN0000613,CUST002896,Business,Active,150000.0,114474.63,7.8,2022-05-26
LOAN0000614,CUST003343,Mortgage,Active,300000.0,189036.64,10.09,2022-06-29
LOAN0000615,CUST004329,Auto,Active,300000.0,50566.59,11.66,2022-03-24
LOAN0000616,CUST004883,Student,Closed,5000.0,4639.35,7.17,2026-01-25
LOAN0000617,CUST001202,Personal,Active,300000.0,116583.29,3.95,2024-01-23
LOAN0000618,CUST002498,Student,Active,150000.0,52413.34,8.06,2024-11-22
LOAN0000619,CUST003682,Auto,Active,25000.0,13463.2,6.42,2022-09-18
LOAN0000620,CUST003621,Personal,Active,50000.0,29186.32,12.32,2025-06-28
LOAN0000621,CUST000908,Student,Active,150000.0,114454.58,9.53,2023-05-14
LOAN0000622,CUST000332,Student,Active,10000.0,4646.19,6.38,2020-08-21
LOAN0000623,CUST000698,Student,Active,500000.0,250984.15,9.26,2023-11-19
LOAN0000624,CUST001305,Mortgage,Active,300000.0,173390.38,3.27,2020-08-31
LOAN0000625,CUST004338,Mortgage,Closed,150000.0,69826.45,11.96,2025-06-15
LOAN0000626,CUST001222,Personal,Active,25000.0,22040.96,6.54,2022-11-17
LOAN0000627,CUST002890,Student,Active,500000.0,415500.79,3.73,2023-01-19
LOAN0000628,CUST004286,Personal,Active,300000.0,154193.69,8.53,2020-11-13
LOAN0000629,CUST000232,Mortgage,Active,25000.0,3753.9,6.48,2020-10-24
LOAN0000630,CUST000541,Auto,Active,500000.0,435373.8,5.13,2022-03-06
LOAN0000631,CUST001005,Business,Delinquent,500000.0,124734.63,9.61,2020-12-26
LOAN0000632,CUST003849,Student,Closed,25000.0,8640.25,12.34,2021-08-31
LOAN0000633,CUST000071,Student,Active,25000.0,6797.23,5.52,2024-02-06
LOAN0000634,CUST002916,Student,Active,25000.0,7346.31,4.51,2020-11-09
LOAN0000635,CUST001238,Mortgage,Active,10000.0,7923.02,7.06,2020-11-11
LOAN0000636,CUST000458,Student,Active,5000.0,3068.01,5.08,2021-09-05
LOAN0000637,CUST004531,Student,Active,15000.0,13723.14,7.67,2020-07-21
LOAN0000638,CUST000932,Personal,Active,5000.0,1675.81,6.95,2023-12-09
LOAN0000639,CUST000904,Personal,Active,15000.0,8077.62,6.31,2026-04-10
LOAN0000640,CUST003185,Student,Active,50000.0,46597.13,11.04,2025-10-22
LOAN0000641,CUST004986,Auto,Delinquent,300000.0,243346.44,8.2,2025-08-31
LOAN0000642,CUST000386,Personal,Active,25000.0,18322.31,10.48,2021-04-27
LOAN0000643,CUST004740,Auto,Active,50000.0,15059.01,4.67,2020-11-02
LOAN0000644,CUST004042,Student,Active,50000.0,38276.22,4.45,2025-05-16
LOAN0000645,CUST003243,Personal,Active,300000.0,128415.63,8.48,2023-07-20
LOAN0000646,CUST003418,Student,Active,15000.0,8616.44,11.71,2025-10-20
LOAN0000647,CUST001058,Business,Closed,10000.0,6373.29,4.65,2022-02-20
LOAN0000648,CUST002831,Auto,Active,25000.0,15937.27,10.09,2022-08-06
LOAN0000649,CUST001011,Student,Delinquent,500000.0,365609.39,3.24,2023-07-20
LOAN0000650,CUST003442,Mortgage,Active,150000.0,101904.25,5.17,2022-08-15
LOAN0000651,CUST000414,Business,Active,300000.0,61409.01,11.79,2021-06-24
LOAN0000652,CUST004209,Business,Closed,500000.0,257938.81,8.15,2023-02-27
LOAN0000653,CUST003492,Personal,Active,300000.0,204365.19,3.45,2025-04-21
LOAN0000654,CUST001142,Personal,Active,500000.0,193397.19,2.6,2026-01-06
LOAN0000655,CUST004215,Student,Active,50000.0,20022.27,3.1,2025-08-26
LOAN0000656,CUST001147,Business,Active,5000.0,1248.27,9.52,2023-11-02
LOAN0000657,CUST000984,Student,Active,500000.0,242445.99,8.26,2023-05-02
LOAN0000658,CUST003106,Personal,Active,25000.0,23486.61,6.02,2025-03-11
LOAN0000659,CUST004170,Mortgage,Active,500000.0,189127.74,11.9,2023-02-17
LOAN0000660,CUST004418,Auto,Active,10000.0,5751.5,6.03,2021-07-04
LOAN0000661,CUST004822,Personal,Active,25000.0,18614.75,5.9,2022-10-01
LOAN0000662,CUST003064,Mortgage,Active,150000.0,24119.67,3.46,2022-01-23
LOAN0000663,CUST000312,Auto,Active,150000.0,130552.75,7.09,2026-01-19
LOAN0000664,CUST003404,Mortgage,Active,50000.0,22962.01,4.9,2025-06-05
LOAN0000665,CUST004114,Mortgage,Active,500000.0,422646.39,5.43,2024-07-20
LOAN0000666,CUST004948,Mortgage,Active,5000.0,905.79,8.76,2024-08-04
LOAN0000667,CUST000713,Mortgage,Active,50000.0,13326.54,11.63,2023-07-22
LOAN0000668,CUST001563,Business,Active,10000.0,4080.24,4.97,2021-05-21
LOAN0000669,CUST003015,Business,Active,15000.0,6395.54,5.73,2025-06-14
LOAN0000670,CUST004475,Mortgage,Active,150000.0,124235.31,7.36,2023-04-06
LOAN0000671,CUST001805,Student,Active,5000.0,794.8,8.78,2025-05-28
LOAN0000672,CUST000865,Auto,Active,150000.0,99433.41,8.44,2022-06-15
LOAN0000673,CUST002455,Student,Delinquent,10000.0,2550.5,11.25,2023-10-17
LOAN0000674,CUST003208,Mortgage,Active,10000.0,8085.73,5.92,2021-08-08
LOAN0000675,CUST002210,Business,Active,500000.0,386429.31,11.44,2020-12-01
LOAN0000676,CUST003392,Mortgage,Active,150000.0,82490.52,6.96,2023-06-07
LOAN0000677,CUST004862,Auto,Active,50000.0,16007.49,9.8,2021-08-04
LOAN0000678,CUST004019,Business,Delinquent,150000.0,98639.45,6.89,2022-12-08
LOAN0000679,CUST000640,Personal,Active,500000.0,137503.33,10.5,2022-01-02
LOAN0000680,CUST003818,Personal,Active,50000.0,15100.95,4.24,2022-10-09
LOAN0000681,CUST003589,Auto,Active,150000.0,97702.79,7.67,2021-07-01
LOAN0000682,CUST000623,Mortgage,Active,50000.0,47149.14,4.72,2020-08-15
LOAN0000683,CUST000554,Mortgage,Active,500000.0,431424.33,6.96,2022-08-18
LOAN0000684,CUST004887,Mortgage,Active,15000.0,9367.29,8.67,2023-07-25
LOAN0000685,CUST001163,Auto,Active,25000.0,14520.74,8.17,2022-05-13
LOAN0000686,CUST003641,Auto,Active,25000.0,23717.7,10.63,2023-04-12
LOAN0000687,CUST004110,Auto,Active,50000.0,29395.89,4.29,2022-01-27
LOAN0000688,CUST004340,Auto,Active,50000.0,24304.66,4.68,2024-09-08
LOAN0000689,CUST002255,Auto,Active,300000.0,263293.33,3.1,2022-07-02
LOAN0000690,CUST004438,Auto,Active,300000.0,101204.23,3.52,2022-07-27
LOAN0000691,CUST001886,Business,Active,15000.0,3420.31,10.36,2021-08-08
LOAN0000692,CUST003311,Personal,Active,500000.0,328636.01,4.98,2023-03-24
LOAN0000693,CUST003870,Mortgage,Active,25000.0,5666.99,10.37,2020-12-04
LOAN0000694,CUST004156,Mortgage,Active,15000.0,6727.78,11.77,2025-07-20
LOAN0000695,CUST001811,Business,Closed,300000.0,146658.57,7.64,2022-11-24
LOAN0000696,CUST000151,Mortgage,Active,300000.0,176409.14,12.3,2024-12-20
LOAN0000697,CUST000583,Business,Active,10000.0,9433.28,7.21,2021-01-21
LOAN0000698,CUST000840,Student,Active,150000.0,49017.81,3.06,2021-08-15
LOAN0000699,CUST002559,Auto,Active,300000.0,135181.53,2.72,2024-11-27
LOAN0000700,CUST002051,Personal,Active,25000.0,6394.8,2.79,2025-10-27
LOAN0000701,CUST000555,Student,Active,50000.0,31804.54,9.0,2024-06-09
LOAN0000702,CUST003865,Personal,Closed,500000.0,366069.27,10.05,2020-07-14
LOAN0000703,CUST002347,Personal,Active,5000.0,2678.31,11.32,2022-07-19
LOAN0000704,CUST002521,Business,Active,300000.0,103999.5,8.31,2023-11-02
LOAN0000705,CUST004677,Business,Active,10000.0,6467.11,4.28,2022-05-14
LOAN0000706,CUST003269,Business,Active,150000.0,87198.93,5.22,2022-10-12
LOAN0000707,CUST000223,Mortgage,Active,5000.0,1434.74,11.75,2023-01-24
LOAN0000708,CUST002477,Auto,Active,15000.0,7118.18,9.29,2024-01-05
LOAN0000709,CUST002594,Student,Active,150000.0,74723.65,8.78,2025-02-17
LOAN0000710,CUST003165,Business,Active,15000.0,14041.41,6.33,2020-11-09
LOAN0000711,CUST000147,Business,Active,15000.0,12441.43,7.73,2024-10-01
LOAN0000712,CUST001750,Personal,Closed,50000.0,36874.83,5.7,2022-12-20
LOAN0000713,CUST003582,Auto,Active,15000.0,12915.32,9.86,2025-10-21
LOAN0000714,CUST002902,Business,Active,300000.0,221516.26,6.67,2021-07-04
LOAN0000715,CUST001180,Student,Active,5000.0,4363.61,11.34,2026-03-15
LOAN0000716,CUST004132,Personal,Active,10000.0,1936.42,9.55,2025-07-04
LOAN0000717,CUST000561,Mortgage,Delinquent,500000.0,257426.48,7.5,2023-08-24
LOAN0000718,CUST001041,Mortgage,Active,300000.0,224255.6,8.3,2022-11-13
LOAN0000719,CUST002783,Personal,Closed,50000.0,30831.83,6.1,2024-11-10
LOAN0000720,CUST003106,Mortgage,Active,10000.0,2901.33,2.98,2026-01-06
LOAN0000721,CUST001711,Auto,Active,15000.0,6335.91,3.82,2021-10-16
LOAN0000722,CUST004368,Mortgage,Closed,25000.0,10105.49,7.09,2022-02-15
LOAN0000723,CUST004577,Mortgage,Active,150000.0,53861.63,11.38,2023-04-09
LOAN0000724,CUST002535,Mortgage,Active,50000.0,21225.42,11.63,2022-08-20
LOAN0000725,CUST001500,Business,Active,15000.0,8428.24,11.3,2021-04-04
LOAN0000726,CUST003928,Mortgage,Closed,50000.0,41694.76,5.85,2026-01-15
LOAN0000727,CUST004514,Mortgage,Active,25000.0,18590.65,11.7,2024-12-31
LOAN0000728,CUST004369,Auto,Active,500000.0,409099.88,6.12,2022-10-01
LOAN0000729,CUST004435,Student,Active,5000.0,4284.41,8.72,2020-08-05
LOAN0000730,CUST002070,Student,Active,300000.0,144876.11,4.21,2023-12-15
LOAN0000731,CUST000305,Personal,Active,5000.0,2134.11,11.24,2021-12-31
LOAN0000732,CUST003967,Student,Active,150000.0,29414.81,11.8,2021-09-03
LOAN0000733,CUST000994,Personal,Active,5000.0,4471.97,10.95,2022-11-25
LOAN0000734,CUST000136,Student,Active,500000.0,101329.21,2.81,2023-11-14
LOAN0000735,CUST002036,Auto,Active,300000.0,222872.52,11.33,2025-07-17
LOAN0000736,CUST002324,Mortgage,Closed,300000.0,135745.99,9.76,2025-04-16
LOAN0000737,CUST002008,Student,Active,500000.0,454512.31,11.72,2023-01-30
LOAN0000738,CUST001533,Student,Active,25000.0,12142.04,2.56,2021-02-12
LOAN0000739,CUST004134,Student,Active,10000.0,8032.87,3.96,2021-12-13
LOAN0000740,CUST002095,Business,Active,500000.0,188061.93,10.3,2021-09-14
LOAN0000741,CUST000140,Auto,Closed,25000.0,9731.77,9.48,2022-07-14
LOAN0000742,CUST001132,Auto,Active,25000.0,15660.39,5.34,2021-01-21
LOAN0000743,CUST003962,Student,Active,15000.0,14225.79,4.63,2024-09-14
LOAN0000744,CUST001201,Auto,Active,500000.0,282028.97,11.94,2025-05-27
LOAN0000745,CUST001345,Business,Active,5000.0,4495.23,10.21,2022-02-26
LOAN0000746,CUST004992,Mortgage,Active,50000.0,38949.99,7.72,2024-09-26
LOAN0000747,CUST003801,Auto,Active,300000.0,236007.44,3.1,2024-11-23
LOAN0000748,CUST001701,Personal,Delinquent,150000.0,74815.2,8.66,2022-08-31
LOAN0000749,CUST002391,Business,Active,10000.0,4592.34,8.31,2026-04-22
LOAN0000750,CUST004976,Auto,Active,300000.0,91061.23,9.1,2024-04-23
LOAN0000751,CUST005000,Personal,Active,50000.0,46057.65,8.32,2020-11-04
LOAN0000752,CUST004879,Mortgage,Active,15000.0,13762.72,12.4,2025-11-18
LOAN0000753,CUST000173,Student,Active,500000.0,373827.09,4.51,2026-03-22
LOAN0000754,CUST004663,Auto,Active,15000.0,5805.03,4.95,2023-07-31
LOAN0000755,CUST003560,Auto,Active,10000.0,3461.44,5.42,2022-08-26
LOAN0000756,CUST004206,Personal,Active,50000.0,47044.41,2.82,2025-04-28
LOAN0000757,CUST001740,Auto,Active,10000.0,2032.34,5.85,2025-01-30
LOAN0000758,CUST004429,Student,Active,10000.0,8248.51,9.89,2021-10-14
LOAN0000759,CUST001594,Mortgage,Active,5000.0,2171.83,11.09,2022-03-16
LOAN0000760,CUST000751,Student,Active,500000.0,242547.89,3.37,2021-12-24
LOAN0000761,CUST004920,Business,Active,50000.0,40779.11,9.0,2020-12-24
LOAN0000762,CUST001961,Auto,Active,5000.0,1112.41,7.07,2021-10-20
LOAN0000763,CUST001798,Auto,Active,300000.0,130000.72,6.94,2022-06-29
LOAN0000764,CUST001579,Mortgage,Active,5000.0,4558.1,6.38,2024-12-15
LOAN0000765,CUST003143,Mortgage,Active,300000.0,212775.82,5.32,2024-12-28
LOAN0000766,CUST004070,Auto,Active,150000.0,113092.7,7.92,2024-11-17
LOAN0000767,CUST002743,Auto,Active,5000.0,3780.02,7.3,2022-03-29
LOAN0000768,CUST004976,Auto,Active,25000.0,4961.4,9.83,2025-04-05
LOAN0000769,CUST000408,Auto,Active,15000.0,4688.49,10.17,2025-08-06
LOAN0000770,CUST001114,Personal,Active,15000.0,8145.16,11.84,2021-01-04
LOAN0000771,CUST002998,Personal,Active,25000.0,11113.0,7.49,2024-07-03
LOAN0000772,CUST000576,Personal,Active,300000.0,143618.95,8.55,2021-07-29
LOAN0000773,CUST002918,Student,Active,300000.0,232547.37,4.11,2022-04-28
LOAN0000774,CUST003604,Mortgage,Active,500000.0,80871.69,11.92,2024-10-17
LOAN0000775,CUST000890,Student,Active,10000.0,6783.94,5.38,2023-09-08
LOAN0000776,CUST002668,Business,Active,50000.0,7504.41,5.48,2025-10-17
LOAN0000777,CUST002261,Mortgage,Active,50000.0,10022.34,8.75,2024-09-20
LOAN0000778,CUST001727,Auto,Delinquent,50000.0,23831.44,10.94,2022-01-22
LOAN0000779,CUST004932,Mortgage,Active,5000.0,4113.79,10.31,2026-03-24
LOAN0000780,CUST002758,Student,Active,50000.0,13299.83,7.47,2021-04-04
LOAN0000781,CUST003300,Personal,Active,50000.0,29684.86,11.74,2022-12-17
LOAN0000782,CUST004792,Business,Active,300000.0,207841.25,6.29,2022-09-25
LOAN0000783,CUST000606,Student,Active,50000.0,16681.32,9.42,2025-07-11
LOAN0000784,CUST002561,Mortgage,Closed,15000.0,8397.96,6.09,2023-09-01
LOAN0000785,CUST000422,Business,Active,25000.0,21978.15,6.33,2025-08-15
LOAN0000786,CUST000480,Mortgage,Active,150000.0,83967.42,3.01,2024-10-16
LOAN0000787,CUST002073,Business,Active,300000.0,82757.53,10.74,2024-08-05
LOAN0000788,CUST000448,Personal,Active,10000.0,6522.51,11.06,2021-10-12
LOAN0000789,CUST002889,Mortgage,Active,25000.0,15594.0,4.54,2022-12-22
LOAN0000790,CUST002666,Auto,Active,50000.0,8578.19,6.16,2025-05-25
LOAN0000791,CUST003380,Student,Active,10000.0,2224.76,6.5,2022-07-25
LOAN0000792,CUST000798,Mortgage,Active,10000.0,2754.25,10.68,2021-04-19
LOAN0000793,CUST003673,Student,Active,25000.0,6475.78,11.08,2020-08-07
LOAN0000794,CUST002834,Mortgage,Active,25000.0,8939.32,7.53,2023-05-31
LOAN0000795,CUST004533,Business,Closed,25000.0,12832.11,8.09,2023-04-29
LOAN0000796,CUST001367,Personal,Closed,300000.0,134211.91,6.75,2022-10-06
LOAN0000797,CUST001017,Personal,Active,300000.0,258755.97,9.87,2025-11-24
LOAN0000798,CUST003984,Student,Active,150000.0,95953.13,5.98,2022-11-29
LOAN0000799,CUST002795,Business,Active,25000.0,21272.89,7.31,2023-07-19
LOAN0000800,CUST002928,Business,Active,150000.0,85744.72,3.4,2021-11-21
LOAN0000801,CUST000097,Personal,Delinquent,5000.0,1109.48,4.43,2024-04-18
LOAN0000802,CUST004050,Personal,Active,500000.0,260314.98,7.7,2023-11-02
LOAN0000803,CUST003870,Mortgage,Active,15000.0,12114.39,9.41,2023-05-30
LOAN0000804,CUST000478,Student,Active,500000.0,152641.51,4.28,2025-05-16
LOAN0000805,CUST001386,Student,Active,150000.0,33445.71,3.06,2026-01-22
LOAN0000806,CUST002758,Student,Active,15000.0,6203.22,6.27,2021-03-29
LOAN0000807,CUST000168,Business,Active,50000.0,23055.91,4.1,2021-04-18
LOAN0000808,CUST004003,Personal,Active,5000.0,1975.03,7.49,2022-11-19
LOAN0000809,CUST001527,Business,Active,10000.0,2581.93,8.29,2022-06-23
LOAN0000810,CUST003614,Business,Active,25000.0,8766.8,2.64,2026-02-22
LOAN0000811,CUST004524,Business,Active,50000.0,34791.3,3.45,2024-12-12
LOAN0000812,CUST004451,Auto,Active,10000.0,4587.43,5.34,2024-02-25
LOAN0000813,CUST001492,Student,Closed,300000.0,196811.87,10.65,2022-03-17
LOAN0000814,CUST001043,Personal,Closed,15000.0,8685.65,8.76,2026-01-06
LOAN0000815,CUST000481,Business,Active,10000.0,5892.42,9.86,2023-10-16
LOAN0000816,CUST004179,Student,Active,500000.0,174419.82,7.46,2025-09-16
LOAN0000817,CUST003840,Mortgage,Active,25000.0,14180.86,5.51,2024-11-18
LOAN0000818,CUST001847,Student,Active,25000.0,4221.89,8.2,2021-04-13
LOAN0000819,CUST003436,Student,Active,500000.0,247697.5,7.35,2024-04-04
LOAN0000820,CUST003191,Student,Active,150000.0,91214.74,3.85,2024-06-01
LOAN0000821,CUST003668,Student,Closed,150000.0,44339.47,5.35,2022-03-10
LOAN0000822,CUST004410,Mortgage,Closed,300000.0,106574.04,4.18,2021-08-06
LOAN0000823,CUST001510,Auto,Active,15000.0,4884.37,3.39,2025-05-20
LOAN0000824,CUST000366,Student,Active,25000.0,5161.16,6.28,2022-12-04
LOAN0000825,CUST004500,Mortgage,Active,5000.0,2141.43,2.96,2025-08-11
LOAN0000826,CUST001867,Mortgage,Active,50000.0,46658.63,6.73,2025-12-15
LOAN0000827,CUST003752,Mortgage,Active,15000.0,6496.56,11.73,2025-07-01
LOAN0000828,CUST000581,Personal,Active,15000.0,7776.44,6.55,2026-02-12
LOAN0000829,CUST004455,Student,Active,10000.0,6724.7,6.72,2020-10-31
LOAN0000830,CUST003305,Personal,Closed,15000.0,10031.97,6.91,2023-11-04
LOAN0000831,CUST002655,Student,Active,300000.0,272974.8,3.42,2025-10-29
LOAN0000832,CUST000106,Mortgage,Active,500000.0,418025.66,3.59,2022-12-03
LOAN0000833,CUST002806,Personal,Active,50000.0,39258.03,12.3,2020-12-18
LOAN0000834,CUST002093,Mortgage,Active,5000.0,4556.51,10.91,2024-11-21
LOAN0000835,CUST003770,Mortgage,Active,10000.0,3346.12,5.28,2022-04-05
LOAN0000836,CUST003908,Auto,Active,50000.0,32182.17,9.7,2024-04-10
LOAN0000837,CUST003842,Mortgage,Active,500000.0,429878.71,9.95,2024-06-12
LOAN0000838,CUST000031,Auto,Active,500000.0,324655.26,2.71,2025-09-29
LOAN0000839,CUST003271,Auto,Active,150000.0,139790.46,5.78,2024-06-29
LOAN0000840,CUST002429,Mortgage,Active,15000.0,3454.23,9.76,2020-11-25
LOAN0000841,CUST001880,Student,Active,300000.0,150439.32,11.15,2022-04-16
LOAN0000842,CUST001215,Business,Closed,25000.0,23297.26,7.16,2021-02-13
LOAN0000843,CUST003063,Personal,Closed,150000.0,68048.16,12.25,2021-07-25
LOAN0000844,CUST004918,Mortgage,Active,25000.0,18541.13,2.65,2025-05-02
LOAN0000845,CUST003099,Mortgage,Active,50000.0,8716.12,5.15,2024-02-02
LOAN0000846,CUST002299,Mortgage,Active,5000.0,3529.35,5.68,2024-06-21
LOAN0000847,CUST004528,Mortgage,Active,25000.0,22442.53,4.49,2023-11-16
LOAN0000848,CUST003231,Business,Closed,300000.0,136849.51,12.05,2024-03-03
LOAN0000849,CUST002098,Personal,Active,50000.0,8351.99,7.25,2026-04-21
LOAN0000850,CUST003375,Student,Active,10000.0,1723.28,8.31,2023-04-06
LOAN0000851,CUST004411,Mortgage,Active,15000.0,12954.28,6.87,2026-02-03
LOAN0000852,CUST002239,Personal,Active,5000.0,3640.06,9.11,2025-12-12
LOAN0000853,CUST003658,Business,Active,500000.0,117674.55,8.18,2024-06-24
LOAN0000854,CUST002231,Auto,Active,300000.0,58101.67,3.45,2025-02-27
LOAN0000855,CUST002017,Personal,Active,300000.0,238158.09,11.55,2022-05-05
LOAN0000856,CUST001498,Business,Active,5000.0,3989.44,5.0,2024-06-13
LOAN0000857,CUST002796,Personal,Active,10000.0,2464.17,6.87,2022-02-22
LOAN0000858,CUST000431,Auto,Closed,5000.0,1956.08,4.87,2021-10-02
LOAN0000859,CUST002082,Business,Active,50000.0,38701.04,4.57,2022-10-13
LOAN0000860,CUST001113,Student,Active,5000.0,2851.65,9.73,2025-11-25
LOAN0000861,CUST000070,Auto,Active,5000.0,4576.34,2.55,2026-02-15
LOAN0000862,CUST000768,Mortgage,Active,5000.0,2674.25,7.78,2024-08-08
LOAN0000863,CUST004772,Personal,Active,500000.0,345783.18,12.15,2020-10-16
LOAN0000864,CUST002516,Business,Active,50000.0,27891.33,9.29,2025-08-22
LOAN0000865,CUST004568,Auto,Active,150000.0,135655.86,5.99,2025-02-23
LOAN0000866,CUST001386,Student,Delinquent,15000.0,7033.91,6.19,2022-05-30
LOAN0000867,CUST001951,Mortgage,Active,25000.0,8345.93,7.43,2023-08-31
LOAN0000868,CUST004551,Mortgage,Closed,150000.0,61696.06,5.72,2026-01-08
LOAN0000869,CUST002609,Business,Active,5000.0,4161.1,4.17,2025-05-03
LOAN0000870,CUST004059,Student,Active,10000.0,5483.51,5.17,2022-11-28
LOAN0000871,CUST002073,Mortgage,Active,300000.0,130020.55,8.37,2026-03-01
LOAN0000872,CUST001577,Mortgage,Active,10000.0,5854.08,6.87,2025-08-08
LOAN0000873,CUST003072,Personal,Active,50000.0,12829.19,6.85,2022-01-18
LOAN0000874,CUST001665,Business,Closed,15000.0,2314.31,4.0,2021-12-20
LOAN0000875,CUST000986,Personal,Active,5000.0,1872.34,11.6,2024-11-10
LOAN0000876,CUST001135,Personal,Active,50000.0,31700.23,9.31,2023-07-31
LOAN0000877,CUST000947,Personal,Active,25000.0,17983.62,9.88,2025-07-31
LOAN0000878,CUST000953,Auto,Active,15000.0,12169.33,4.38,2024-05-07
LOAN0000879,CUST000290,Student,Active,15000.0,13369.96,7.88,2021-03-13
LOAN0000880,CUST001791,Student,Active,50000.0,23984.49,6.02,2021-08-26
LOAN0000881,CUST002440,Student,Active,150000.0,111362.02,11.54,2024-02-09
LOAN0000882,CUST000801,Business,Active,300000.0,62921.5,3.22,2021-02-25
LOAN0000883,CUST003436,Business,Active,10000.0,1960.24,9.57,2024-09-28
LOAN0000884,CUST001548,Mortgage,Active,150000.0,37475.76,4.22,2025-12-06
LOAN0000885,CUST002585,Personal,Active,15000.0,7632.83,7.27,2025-07-28
LOAN0000886,CUST003825,Student,Active,10000.0,3190.25,5.65,2020-12-05
LOAN0000887,CUST001084,Business,Active,15000.0,5693.1,10.75,2021-01-05
LOAN0000888,CUST001221,Personal,Active,500000.0,334152.07,10.14,2024-06-06
LOAN0000889,CUST000473,Business,Active,300000.0,131045.32,6.79,2022-06-27
LOAN0000890,CUST004975,Mortgage,Active,15000.0,8938.46,3.4,2025-06-15
LOAN0000891,CUST004011,Student,Closed,15000.0,7198.85,9.27,2020-09-13
LOAN0000892,CUST000693,Student,Active,25000.0,7129.39,4.91,2025-03-14
LOAN0000893,CUST000927,Student,Active,10000.0,2092.16,11.82,2020-07-17
LOAN0000894,CUST000377,Auto,Active,25000.0,8474.63,11.56,2023-05-18
LOAN0000895,CUST003344,Business,Active,10000.0,1961.6,3.99,2022-08-30
LOAN0000896,CUST004754,Personal,Active,300000.0,193466.87,8.08,2024-01-02
LOAN0000897,CUST001417,Business,Active,300000.0,235972.22,12.43,2023-09-29
LOAN0000898,CUST002270,Business,Active,500000.0,210896.31,9.65,2025-07-05
LOAN0000899,CUST002724,Business,Active,25000.0,11492.22,12.49,2024-09-27
LOAN0000900,CUST003611,Personal,Active,25000.0,20073.82,8.87,2025-04-18
LOAN0000901,CUST002093,Student,Active,25000.0,8202.26,9.96,2021-01-16
LOAN0000902,CUST000969,Personal,Active,300000.0,73598.46,7.15,2025-07-09
LOAN0000903,CUST003436,Business,Active,300000.0,165268.35,11.31,2025-03-08
LOAN0000904,CUST004664,Auto,Active,50000.0,33347.61,9.33,2025-09-30
LOAN0000905,CUST003714,Business,Active,25000.0,15743.09,5.08,2021-08-06
LOAN0000906,CUST000808,Auto,Active,500000.0,360549.22,7.34,2020-08-07
LOAN0000907,CUST002590,Business,Delinquent,150000.0,29310.14,6.02,2024-01-12
LOAN0000908,CUST002146,Business,Active,150000.0,73884.19,11.66,2024-08-13
LOAN0000909,CUST004745,Personal,Active,15000.0,5112.85,12.24,2023-03-23
LOAN0000910,CUST002965,Student,Active,5000.0,3786.49,3.91,2022-08-19
LOAN0000911,CUST001163,Student,Active,25000.0,21204.61,4.28,2026-04-14
LOAN0000912,CUST001244,Personal,Active,5000.0,1875.34,4.9,2025-12-22
LOAN0000913,CUST004718,Business,Active,5000.0,1130.87,6.5,2020-12-06
LOAN0000914,CUST003129,Auto,Active,15000.0,5291.14,5.08,2025-08-05
LOAN0000915,CUST002480,Student,Active,5000.0,1166.03,6.87,2026-03-14
LOAN0000916,CUST004960,Student,Active,500000.0,203968.87,8.36,2022-05-26
LOAN0000917,CUST004485,Auto,Delinquent,300000.0,174167.66,7.68,2020-10-22
LOAN0000918,CUST003950,Auto,Closed,5000.0,4644.72,7.48,2023-07-16
LOAN0000919,CUST000056,Business,Active,300000.0,140848.86,5.28,2025-02-03
LOAN0000920,CUST003792,Personal,Delinquent,300000.0,97809.58,8.66,2025-07-09
LOAN0000921,CUST004233,Mortgage,Active,150000.0,42516.21,3.09,2022-08-04
LOAN0000922,CUST002425,Student,Active,300000.0,86529.54,3.34,2020-06-17
LOAN0000923,CUST004443,Auto,Active,5000.0,1520.39,10.51,2023-08-26
LOAN0000924,CUST003793,Mortgage,Active,10000.0,7598.14,5.47,2023-03-01
LOAN0000925,CUST000413,Mortgage,Active,500000.0,99411.08,5.71,2022-04-13
LOAN0000926,CUST004032,Mortgage,Active,25000.0,23698.05,4.24,2024-11-27
LOAN0000927,CUST002609,Business,Active,500000.0,284074.56,8.2,2020-12-21
LOAN0000928,CUST001249,Personal,Active,500000.0,292708.76,4.11,2024-07-05
LOAN0000929,CUST003871,Student,Active,25000.0,10901.28,5.16,2021-01-29
LOAN0000930,CUST002604,Business,Active,5000.0,3511.02,12.14,2022-11-26
LOAN0000931,CUST001318,Student,Active,15000.0,7907.48,10.07,2023-03-18
LOAN0000932,CUST001306,Mortgage,Active,10000.0,4132.49,10.82,2023-04-06
LOAN0000933,CUST002944,Mortgage,Active,15000.0,5431.66,10.82,2023-04-20
LOAN0000934,CUST004584,Business,Active,15000.0,13357.81,10.31,2020-09-09
LOAN0000935,CUST001229,Business,Active,5000.0,1913.96,4.87,2025-03-28
LOAN0000936,CUST000390,Student,Active,50000.0,24955.73,9.13,2022-10-03
LOAN0000937,CUST004216,Student,Active,5000.0,2151.37,7.96,2023-11-08
LOAN0000938,CUST004432,Auto,Active,150000.0,32841.46,9.8,2022-01-13
LOAN0000939,CUST000857,Business,Active,50000.0,14937.38,7.19,2023-04-26
LOAN0000940,CUST004234,Business,Closed,300000.0,90480.47,6.1,2021-05-14
LOAN0000941,CUST001931,Personal,Active,10000.0,7049.2,4.45,2023-03-03
LOAN0000942,CUST002004,Student,Active,50000.0,23763.42,5.31,2023-02-17
LOAN0000943,CUST004989,Personal,Active,5000.0,3877.87,9.36,2024-05-27
LOAN0000944,CUST000527,Personal,Active,5000.0,3585.8,6.24,2020-12-25
LOAN0000945,CUST003394,Auto,Active,15000.0,4554.6,4.58,2024-05-13
LOAN0000946,CUST004400,Mortgage,Active,5000.0,3001.67,7.45,2020-07-01
LOAN0000947,CUST001505,Mortgage,Closed,300000.0,223298.12,11.98,2021-03-26
LOAN0000948,CUST004683,Business,Active,150000.0,98465.15,6.23,2020-11-25
LOAN0000949,CUST004907,Auto,Active,5000.0,3150.07,12.0,2021-10-23
LOAN0000950,CUST000322,Auto,Active,25000.0,18542.22,5.73,2024-09-05
LOAN0000951,CUST003786,Mortgage,Active,25000.0,4885.61,3.93,2025-03-11
LOAN0000952,CUST003555,Personal,Active,15000.0,11027.06,10.8,2025-12-16
LOAN0000953,CUST003902,Personal,Active,50000.0,18406.21,5.85,2025-06-18
LOAN0000954,CUST001335,Business,Active,50000.0,30374.89,6.69,2021-04-13
LOAN0000955,CUST003347,Student,Active,25000.0,8596.1,9.48,2025-11-20
LOAN0000956,CUST001366,Auto,Active,150000.0,123158.11,10.36,2021-09-20
LOAN0000957,CUST003653,Personal,Active,10000.0,5344.47,12.49,2024-11-23
LOAN0000958,CUST002258,Auto,Active,300000.0,199305.89,11.02,2025-11-02
LOAN0000959,CUST002732,Personal,Active,500000.0,392632.82,5.32,2021-06-26
LOAN0000960,CUST001728,Auto,Active,300000.0,259875.66,8.12,2020-11-24
LOAN0000961,CUST004910,Mortgage,Active,300000.0,220694.9,9.44,2022-09-24
LOAN0000962,CUST002533,Auto,Active,150000.0,40352.23,12.0,2025-10-06
LOAN0000963,CUST003475,Auto,Active,25000.0,20840.65,3.78,2022-11-28
LOAN0000964,CUST000788,Personal,Delinquent,300000.0,193458.7,4.24,2022-09-21
LOAN0000965,CUST002889,Auto,Active,150000.0,95633.97,3.92,2025-02-12
LOAN0000966,CUST004126,Auto,Active,10000.0,8870.72,4.89,2021-09-24
LOAN0000967,CUST004423,Auto,Active,50000.0,17453.26,9.19,2023-08-05
LOAN0000968,CUST003360,Personal,Active,25000.0,8541.75,5.46,2023-11-06
LOAN0000969,CUST002392,Mortgage,Active,500000.0,280277.42,3.25,2021-12-13
LOAN0000970,CUST004435,Student,Active,5000.0,3753.45,10.63,2026-04-23
LOAN0000971,CUST002933,Business,Active,300000.0,152337.77,5.01,2025-03-01
LOAN0000972,CUST000992,Student,Active,10000.0,6571.13,8.6,2023-10-26
LOAN0000973,CUST003893,Personal,Active,10000.0,5120.2,12.46,2022-05-09
LOAN0000974,CUST000792,Personal,Active,10000.0,6383.1,11.4,2021-12-20
LOAN0000975,CUST001034,Business,Active,50000.0,40390.49,7.08,2026-03-11
LOAN0000976,CUST004453,Personal,Active,150000.0,44157.2,10.54,2020-07-15
LOAN0000977,CUST001653,Mortgage,Active,15000.0,10594.54,10.05,2020-11-21
LOAN0000978,CUST002410,Personal,Active,300000.0,233982.18,3.51,2020-11-12
LOAN0000979,CUST004439,Auto,Active,5000.0,2538.45,10.12,2020-10-28
LOAN0000980,CUST001039,Auto,Active,300000.0,122576.06,3.9,2020-07-11
LOAN0000981,CUST001820,Student,Active,25000.0,4020.89,8.14,2022-11-27
LOAN0000982,CUST003076,Auto,Active,500000.0,393842.01,11.05,2022-08-19
LOAN0000983,CUST002200,Mortgage,Active,150000.0,61852.64,8.25,2021-06-02
LOAN0000984,CUST004238,Mortgage,Active,10000.0,4358.48,9.22,2020-09-25
LOAN0000985,CUST002489,Business,Closed,500000.0,209402.47,4.1,2023-03-19
LOAN0000986,CUST004949,Student,Active,300000.0,164697.44,11.32,2024-05-13
LOAN0000987,CUST004086,Auto,Active,50000.0,35599.98,7.6,2020-11-27
LOAN0000988,CUST000495,Auto,Active,10000.0,7674.91,6.25,2023-11-08
LOAN0000989,CUST003585,Mortgage,Active,150000.0,69608.49,8.22,2025-07-25
LOAN0000990,CUST004655,Auto,Active,25000.0,17012.04,10.08,2022-04-10
LOAN0000991,CUST002598,Student,Active,500000.0,363273.7,11.19,2023-11-04
LOAN0000992,CUST001058,Business,Active,5000.0,1937.67,5.44,2024-02-05
LOAN0000993,CUST004610,Business,Closed,10000.0,2272.97,8.94,2021-10-04
LOAN0000994,CUST000505,Student,Active,300000.0,259719.77,9.04,2024-07-04
LOAN0000995,CUST003716,Mortgage,Closed,300000.0,207507.83,2.93,2023-02-25
LOAN0000996,CUST003751,Business,Active,500000.0,334244.16,7.57,2022-11-07
LOAN0000997,CUST001736,Auto,Active,50000.0,9856.1,7.06,2021-10-27
LOAN0000998,CUST004119,Personal,Active,500000.0,402149.22,5.5,2023-05-30
LOAN0000999,CUST003322,Business,Active,50000.0,30142.17,4.51,2025-04-26
LOAN0001000,CUST000759,Mortgage,Active,15000.0,12424.61,4.36,2024-09-14
